{
"lengthUnit": "mil",
"remark": [],
"components": {
	"fields": ["COMPONENT_NO", "COMPONENT_NAME", "LAYER", "X_COORDINATE", "Y_COORDINATE", "ANGLE"],
	"rows": [
		[1, "C1", "T", 2895, -1285, 270],
		[2, "C2", "T", 2655, -420, 90],
		[3, "C3", "T", 2790, 80, 180],
		[4, "C4", "T", 2450, 1120, 270],
		[5, "C5", "T", 2440, 500, 90],
		[6, "C6", "T", 2450, -780, 90],
		[7, "C7", "T", 2450, -205, 90],
		[8, "D1", "T", 2760, -1225, 315],
		[9, "U1", "T", 2735, -930, 180],
		[10, "USB0", "T", 2720, -1445, 0],
		[11, "USB1", "T", 2285, -995, 270],
		[12, "USB2", "T", 2285, -325, 270],
		[13, "USB3", "T", 2285, 345, 270],
		[14, "USB4", "T", 2285, 1010, 270],
		[15, "PAD1", "T", 2895, -1312.56, 0],
		[16, "PAD2", "T", 2895, -1257.44, 0],
		[17, "PAD3", "T", 2655, -392.44, 0],
		[18, "PAD4", "T", 2655, -447.56, 0],
		[19, "PAD5", "T", 2762.44, 80, 0],
		[20, "PAD6", "T", 2817.56, 80, 0],
		[21, "PAD7", "T", 2450, 1092.44, 0],
		[22, "PAD8", "T", 2450, 1147.56, 0],
		[23, "PAD9", "T", 2440, 527.56, 0],
		[24, "PAD10", "T", 2440, 472.44, 0],
		[25, "PAD11", "T", 2450, -752.44, 0],
		[26, "PAD12", "T", 2450, -807.56, 0],
		[27, "PAD13", "T", 2450, -177.44, 0],
		[28, "PAD14", "T", 2450, -232.56, 0],
		[29, "PAD15", "T", 2910, -816.91, 0],
		[30, "PAD16", "T", 2860, -816.91, 0],
		[31, "PAD17", "T", 2810, -816.91, 0],
		[32, "PAD18", "T", 2760, -816.91, 0],
		[33, "PAD19", "T", 2710, -816.91, 0],
		[34, "PAD20", "T", 2660, -816.91, 0],
		[35, "PAD21", "T", 2610, -816.91, 0],
		[36, "PAD22", "T", 2560, -816.91, 0],
		[37, "PAD23", "T", 2910, -1043.09, 0],
		[38, "PAD24", "T", 2810, -1043.09, 0],
		[39, "PAD25", "T", 2760, -1043.09, 0],
		[40, "PAD26", "T", 2710, -1043.09, 0],
		[41, "PAD27", "T", 2660, -1043.09, 0],
		[42, "PAD28", "T", 2610, -1043.09, 0],
		[43, "PAD29", "T", 2560, -1043.09, 0],
		[44, "PAD30", "T", 2491.655, -1484.37, 0],
		[45, "PAD30", "B", 2491.655, -1484.37, 0],
		[46, "PAD31", "T", 2948.345, -1484.37, 0],
		[47, "PAD31", "B", 2948.345, -1484.37, 0],
		[48, "PAD32", "T", 2857.795, -1405.63, 0],
		[49, "PAD32", "B", 2857.795, -1405.63, 0],
		[50, "PAD33", "T", 2759.375, -1405.63, 0],
		[51, "PAD33", "B", 2759.375, -1405.63, 0],
		[52, "PAD34", "T", 2680.635, -1405.63, 0],
		[53, "PAD34", "B", 2680.635, -1405.63, 0],
		[54, "PAD35", "T", 2582.205, -1405.63, 0],
		[55, "PAD35", "B", 2582.205, -1405.63, 0],
		[56, "PAD36", "T", 2231.655, -719.41, 0],
		[57, "PAD36", "B", 2231.655, -719.41, 0],
		[58, "PAD37", "T", 2231.655, -1270.59, 0],
		[59, "PAD37", "B", 2231.655, -1270.59, 0],
		[60, "PAD38", "T", 2338.345, -1132.79, 0],
		[61, "PAD38", "B", 2338.345, -1132.79, 0],
		[62, "PAD39", "T", 2338.345, -1034.37, 0],
		[63, "PAD39", "B", 2338.345, -1034.37, 0],
		[64, "PAD40", "T", 2338.345, -955.63, 0],
		[65, "PAD40", "B", 2338.345, -955.63, 0],
		[66, "PAD41", "T", 2338.345, -857.2, 0],
		[67, "PAD41", "B", 2338.345, -857.2, 0],
		[68, "PAD42", "T", 2231.655, -49.41, 0],
		[69, "PAD42", "B", 2231.655, -49.41, 0],
		[70, "PAD43", "T", 2231.655, -600.59, 0],
		[71, "PAD43", "B", 2231.655, -600.59, 0],
		[72, "PAD44", "T", 2338.345, -462.79, 0],
		[73, "PAD44", "B", 2338.345, -462.79, 0],
		[74, "PAD45", "T", 2338.345, -364.37, 0],
		[75, "PAD45", "B", 2338.345, -364.37, 0],
		[76, "PAD46", "T", 2338.345, -285.63, 0],
		[77, "PAD46", "B", 2338.345, -285.63, 0],
		[78, "PAD47", "T", 2338.345, -187.2, 0],
		[79, "PAD47", "B", 2338.345, -187.2, 0],
		[80, "PAD48", "T", 2231.655, 620.59, 0],
		[81, "PAD48", "B", 2231.655, 620.59, 0],
		[82, "PAD49", "T", 2231.655, 69.41, 0],
		[83, "PAD49", "B", 2231.655, 69.41, 0],
		[84, "PAD50", "T", 2338.345, 207.21, 0],
		[85, "PAD50", "B", 2338.345, 207.21, 0],
		[86, "PAD51", "T", 2338.345, 305.63, 0],
		[87, "PAD51", "B", 2338.345, 305.63, 0],
		[88, "PAD52", "T", 2338.345, 384.37, 0],
		[89, "PAD52", "B", 2338.345, 384.37, 0],
		[90, "PAD53", "T", 2338.345, 482.8, 0],
		[91, "PAD53", "B", 2338.345, 482.8, 0],
		[92, "PAD54", "T", 2231.655, 1285.59, 0],
		[93, "PAD54", "B", 2231.655, 1285.59, 0],
		[94, "PAD55", "T", 2231.655, 734.41, 0],
		[95, "PAD55", "B", 2231.655, 734.41, 0],
		[96, "PAD56", "T", 2338.345, 872.21, 0],
		[97, "PAD56", "B", 2338.345, 872.21, 0],
		[98, "PAD57", "T", 2338.345, 970.63, 0],
		[99, "PAD57", "B", 2338.345, 970.63, 0],
		[100, "PAD58", "T", 2338.345, 1049.37, 0],
		[101, "PAD58", "B", 2338.345, 1049.37, 0],
		[102, "PAD59", "T", 2338.345, 1147.8, 0],
		[103, "PAD59", "B", 2338.345, 1147.8, 0],
		[104, "PAD60", "T", 2807.1145, -1272.1145, 0],
		[105, "PAD61", "T", 2712.8855, -1177.8855, 0]
	]
},
"pins": {
	"fields": ["PIN_NO", "PIN_NAME", "PIN_X", "PIN_Y", "LAYER", "PIN_TYPE", "NET_NAME", "NET_TYPE", "PAD_SHAPE", "PAD_SIZEX", "PAD_SIZEY", "HOLE_SIZE", "HOLE_LEN", "PAD_ANGLE"],
	"rows": [
		[1, "C1_1", 2895, -1257.44, "T", "SMD", "+5V", "", "R", 31.496, 35.433, 0, 0, 270],
		[2, "C1_2", 2895, -1312.56, "T", "SMD", "GND", "GND", "R", 31.496, 35.433, 0, 0, 270],
		[3, "C2_1", 2655, -447.56, "T", "SMD", "$1N1858", "", "R", 31.496, 35.433, 0, 0, 90],
		[4, "C2_2", 2655, -392.44, "T", "SMD", "GND", "GND", "R", 31.496, 35.433, 0, 0, 90],
		[5, "C3_1", 2817.56, 80, "T", "SMD", "$1N1867", "", "R", 31.496, 35.433, 0, 0, 180],
		[6, "C3_2", 2762.44, 80, "T", "SMD", "GND", "GND", "R", 31.496, 35.433, 0, 0, 180],
		[7, "C4_1", 2450, 1147.56, "T", "SMD", "+5V", "", "R", 31.496, 35.433, 0, 0, 270],
		[8, "C4_2", 2450, 1092.44, "T", "SMD", "GND", "GND", "R", 31.496, 35.433, 0, 0, 270],
		[9, "C5_1", 2440, 472.44, "T", "SMD", "+5V", "", "R", 31.496, 35.433, 0, 0, 90],
		[10, "C5_2", 2440, 527.56, "T", "SMD", "GND", "GND", "R", 31.496, 35.433, 0, 0, 90],
		[11, "C6_1", 2450, -807.56, "T", "SMD", "+5V", "", "R", 31.496, 35.433, 0, 0, 90],
		[12, "C6_2", 2450, -752.44, "T", "SMD", "GND", "GND", "R", 31.496, 35.433, 0, 0, 90],
		[13, "C7_1", 2450, -232.56, "T", "SMD", "GND", "GND", "R", 31.496, 35.433, 0, 0, 90],
		[14, "C7_2", 2450, -177.44, "T", "SMD", "+5V", "", "R", 31.496, 35.433, 0, 0, 90],
		[15, "D1_1", 2712.8855, -1177.8855, "T", "SMD", "+5V", "", "R", 37.402, 45.276, 0, 0, 315],
		[16, "D1_2", 2807.1145, -1272.1145, "T", "SMD", "$1N1746", "", "R", 37.402, 45.276, 0, 0, 315],
		[17, "U1_1", 2910, -816.91, "T", "SMD", "DM4", "", "O", 22.047, 68.701, 0, 0, 180],
		[18, "U1_2", 2860, -816.91, "T", "SMD", "DP4", "", "O", 22.047, 68.701, 0, 0, 180],
		[19, "U1_3", 2810, -816.91, "T", "SMD", "DM3", "", "O", 22.047, 68.701, 0, 0, 180],
		[20, "U1_4", 2760, -816.91, "T", "SMD", "DP3", "", "O", 22.047, 68.701, 0, 0, 180],
		[21, "U1_5", 2710, -816.91, "T", "SMD", "DM2", "", "O", 22.047, 68.701, 0, 0, 180],
		[22, "U1_6", 2660, -816.91, "T", "SMD", "DP2", "", "O", 22.047, 68.701, 0, 0, 180],
		[23, "U1_7", 2610, -816.91, "T", "SMD", "DM1", "", "O", 22.047, 68.701, 0, 0, 180],
		[24, "U1_8", 2560, -816.91, "T", "SMD", "DP1", "", "O", 22.047, 68.701, 0, 0, 180],
		[25, "U1_9", 2560, -1043.09, "T", "SMD", "$1N330", "", "O", 22.047, 68.701, 0, 0, 180],
		[26, "U1_10", 2610, -1043.09, "T", "SMD", "$1N338", "", "O", 22.047, 68.701, 0, 0, 180],
		[27, "U1_11", 2660, -1043.09, "T", "SMD", "+5V", "", "O", 22.047, 68.701, 0, 0, 180],
		[28, "U1_12", 2710, -1043.09, "T", "SMD", "GND", "GND", "O", 22.047, 68.701, 0, 0, 180],
		[29, "U1_13", 2760, -1043.09, "T", "SMD", "$1N1858", "", "O", 22.047, 68.701, 0, 0, 180],
		[30, "U1_14", 2810, -1043.09, "T", "SMD", "$1N1867", "", "O", 22.047, 68.701, 0, 0, 180],
		[31, "U1_15", 2860, -1043.09, "T", "SMD", "NET_1", "", "O", 22.047, 68.701, 0, 0, 180],
		[32, "U1_16", 2910, -1043.09, "T", "SMD", "GND", "GND", "O", 22.047, 68.701, 0, 0, 180],
		[33, "USB0_1", 2857.795, -1405.63, "T", "DIP", "$1N1746", "", "R", 62.992, 62.992, 39.37, 39.37, 0],
		[34, "USB0_1", 2857.795, -1405.63, "B", "DIP", "$1N1746", "", "R", 62.992, 62.992, 39.37, 39.37, 0],
		[35, "USB0_2", 2759.375, -1405.63, "T", "DIP", "$1N330", "", "C", 62.992, 62.992, 39.37, 39.37, 0],
		[36, "USB0_2", 2759.375, -1405.63, "B", "DIP", "$1N330", "", "C", 62.992, 62.992, 39.37, 39.37, 0],
		[37, "USB0_3", 2680.635, -1405.63, "T", "DIP", "$1N338", "", "C", 62.992, 62.992, 39.37, 39.37, 0],
		[38, "USB0_3", 2680.635, -1405.63, "B", "DIP", "$1N338", "", "C", 62.992, 62.992, 39.37, 39.37, 0],
		[39, "USB0_4", 2582.205, -1405.63, "T", "DIP", "GND", "GND", "C", 62.992, 62.992, 39.37, 39.37, 0],
		[40, "USB0_4", 2582.205, -1405.63, "B", "DIP", "GND", "GND", "C", 62.992, 62.992, 39.37, 39.37, 0],
		[41, "USB0_5", 2948.345, -1484.37, "T", "DIP", "GND", "GND", "R", 62.992, 110.236, 31.496, 98.425, 0],
		[42, "USB0_5", 2948.345, -1484.37, "B", "DIP", "GND", "GND", "R", 62.992, 110.236, 31.496, 98.425, 0],
		[43, "USB0_6", 2491.655, -1484.37, "T", "DIP", "GND", "GND", "R", 62.992, 110.236, 31.496, 98.425, 0],
		[44, "USB0_6", 2491.655, -1484.37, "B", "DIP", "GND", "GND", "R", 62.992, 110.236, 31.496, 98.425, 0],
		[45, "USB1_1", 2338.345, -857.2, "T", "DIP", "+5V", "", "R", 60, 60, 36.22, 36.22, 270],
		[46, "USB1_1", 2338.345, -857.2, "B", "DIP", "+5V", "", "R", 60, 60, 36.22, 36.22, 270],
		[47, "USB1_2", 2338.345, -955.63, "T", "DIP", "DM1", "", "C", 60, 60, 36.22, 36.22, 270],
		[48, "USB1_2", 2338.345, -955.63, "B", "DIP", "DM1", "", "C", 60, 60, 36.22, 36.22, 270],
		[49, "USB1_3", 2338.345, -1034.37, "T", "DIP", "DP1", "", "C", 60, 60, 36.22, 36.22, 270],
		[50, "USB1_3", 2338.345, -1034.37, "B", "DIP", "DP1", "", "C", 60, 60, 36.22, 36.22, 270],
		[51, "USB1_4", 2338.345, -1132.79, "T", "DIP", "GND", "GND", "C", 60, 60, 36.22, 36.22, 270],
		[52, "USB1_4", 2338.345, -1132.79, "B", "DIP", "GND", "GND", "C", 60, 60, 36.22, 36.22, 270],
		[53, "USB1_5", 2231.655, -1270.59, "T", "DIP", "GND", "GND", "C", 102.362, 102.362, 82.678, 82.678, 270],
		[54, "USB1_5", 2231.655, -1270.59, "B", "DIP", "GND", "GND", "C", 102.362, 102.362, 82.678, 82.678, 270],
		[55, "USB1_6", 2231.655, -719.41, "T", "DIP", "GND", "GND", "C", 102.362, 102.362, 82.678, 82.678, 270],
		[56, "USB1_6", 2231.655, -719.41, "B", "DIP", "GND", "GND", "C", 102.362, 102.362, 82.678, 82.678, 270],
		[57, "USB2_1", 2338.345, -187.2, "T", "DIP", "+5V", "", "R", 60, 60, 36.22, 36.22, 270],
		[58, "USB2_1", 2338.345, -187.2, "B", "DIP", "+5V", "", "R", 60, 60, 36.22, 36.22, 270],
		[59, "USB2_2", 2338.345, -285.63, "T", "DIP", "DM2", "", "C", 60, 60, 36.22, 36.22, 270],
		[60, "USB2_2", 2338.345, -285.63, "B", "DIP", "DM2", "", "C", 60, 60, 36.22, 36.22, 270],
		[61, "USB2_3", 2338.345, -364.37, "T", "DIP", "DP2", "", "C", 60, 60, 36.22, 36.22, 270],
		[62, "USB2_3", 2338.345, -364.37, "B", "DIP", "DP2", "", "C", 60, 60, 36.22, 36.22, 270],
		[63, "USB2_4", 2338.345, -462.79, "T", "DIP", "GND", "GND", "C", 60, 60, 36.22, 36.22, 270],
		[64, "USB2_4", 2338.345, -462.79, "B", "DIP", "GND", "GND", "C", 60, 60, 36.22, 36.22, 270],
		[65, "USB2_5", 2231.655, -600.59, "T", "DIP", "GND", "GND", "C", 102.362, 102.362, 82.678, 82.678, 270],
		[66, "USB2_5", 2231.655, -600.59, "B", "DIP", "GND", "GND", "C", 102.362, 102.362, 82.678, 82.678, 270],
		[67, "USB2_6", 2231.655, -49.41, "T", "DIP", "GND", "GND", "C", 102.362, 102.362, 82.678, 82.678, 270],
		[68, "USB2_6", 2231.655, -49.41, "B", "DIP", "GND", "GND", "C", 102.362, 102.362, 82.678, 82.678, 270],
		[69, "USB3_1", 2338.345, 482.8, "T", "DIP", "+5V", "", "R", 60, 60, 36.22, 36.22, 270],
		[70, "USB3_1", 2338.345, 482.8, "B", "DIP", "+5V", "", "R", 60, 60, 36.22, 36.22, 270],
		[71, "USB3_2", 2338.345, 384.37, "T", "DIP", "DM3", "", "C", 60, 60, 36.22, 36.22, 270],
		[72, "USB3_2", 2338.345, 384.37, "B", "DIP", "DM3", "", "C", 60, 60, 36.22, 36.22, 270],
		[73, "USB3_3", 2338.345, 305.63, "T", "DIP", "DP3", "", "C", 60, 60, 36.22, 36.22, 270],
		[74, "USB3_3", 2338.345, 305.63, "B", "DIP", "DP3", "", "C", 60, 60, 36.22, 36.22, 270],
		[75, "USB3_4", 2338.345, 207.21, "T", "DIP", "GND", "GND", "C", 60, 60, 36.22, 36.22, 270],
		[76, "USB3_4", 2338.345, 207.21, "B", "DIP", "GND", "GND", "C", 60, 60, 36.22, 36.22, 270],
		[77, "USB3_5", 2231.655, 69.41, "T", "DIP", "GND", "GND", "C", 102.362, 102.362, 82.678, 82.678, 270],
		[78, "USB3_5", 2231.655, 69.41, "B", "DIP", "GND", "GND", "C", 102.362, 102.362, 82.678, 82.678, 270],
		[79, "USB3_6", 2231.655, 620.59, "T", "DIP", "GND", "GND", "C", 102.362, 102.362, 82.678, 82.678, 270],
		[80, "USB3_6", 2231.655, 620.59, "B", "DIP", "GND", "GND", "C", 102.362, 102.362, 82.678, 82.678, 270],
		[81, "USB4_1", 2338.345, 1147.8, "T", "DIP", "+5V", "", "R", 60, 60, 36.22, 36.22, 270],
		[82, "USB4_1", 2338.345, 1147.8, "B", "DIP", "+5V", "", "R", 60, 60, 36.22, 36.22, 270],
		[83, "USB4_2", 2338.345, 1049.37, "T", "DIP", "DM4", "", "C", 60, 60, 36.22, 36.22, 270],
		[84, "USB4_2", 2338.345, 1049.37, "B", "DIP", "DM4", "", "C", 60, 60, 36.22, 36.22, 270],
		[85, "USB4_3", 2338.345, 970.63, "T", "DIP", "DP4", "", "C", 60, 60, 36.22, 36.22, 270],
		[86, "USB4_3", 2338.345, 970.63, "B", "DIP", "DP4", "", "C", 60, 60, 36.22, 36.22, 270],
		[87, "USB4_4", 2338.345, 872.21, "T", "DIP", "GND", "GND", "C", 60, 60, 36.22, 36.22, 270],
		[88, "USB4_4", 2338.345, 872.21, "B", "DIP", "GND", "GND", "C", 60, 60, 36.22, 36.22, 270],
		[89, "USB4_5", 2231.655, 734.41, "T", "DIP", "GND", "GND", "C", 102.362, 102.362, 82.678, 82.678, 270],
		[90, "USB4_5", 2231.655, 734.41, "B", "DIP", "GND", "GND", "C", 102.362, 102.362, 82.678, 82.678, 270],
		[91, "USB4_6", 2231.655, 1285.59, "T", "DIP", "GND", "GND", "C", 102.362, 102.362, 82.678, 82.678, 270],
		[92, "USB4_6", 2231.655, 1285.59, "B", "DIP", "GND", "GND", "C", 102.362, 102.362, 82.678, 82.678, 270],
		[93, "PAD1_2", 2895, -1312.56, "T", "SMD", "GND", "GND", "R", 31.496, 35.433, 0, 0, 270],
		[94, "PAD2_1", 2895, -1257.44, "T", "SMD", "+5V", "", "R", 31.496, 35.433, 0, 0, 270],
		[95, "PAD3_2", 2655, -392.44, "T", "SMD", "GND", "GND", "R", 31.496, 35.433, 0, 0, 90],
		[96, "PAD4_1", 2655, -447.56, "T", "SMD", "$1N1858", "", "R", 31.496, 35.433, 0, 0, 90],
		[97, "PAD5_2", 2762.44, 80, "T", "SMD", "GND", "GND", "R", 31.496, 35.433, 0, 0, 180],
		[98, "PAD6_1", 2817.56, 80, "T", "SMD", "$1N1867", "", "R", 31.496, 35.433, 0, 0, 180],
		[99, "PAD7_2", 2450, 1092.44, "T", "SMD", "GND", "GND", "R", 31.496, 35.433, 0, 0, 270],
		[100, "PAD8_1", 2450, 1147.56, "T", "SMD", "+5V", "", "R", 31.496, 35.433, 0, 0, 270],
		[101, "PAD9_2", 2440, 527.56, "T", "SMD", "GND", "GND", "R", 31.496, 35.433, 0, 0, 90],
		[102, "PAD10_1", 2440, 472.44, "T", "SMD", "+5V", "", "R", 31.496, 35.433, 0, 0, 90],
		[103, "PAD11_2", 2450, -752.44, "T", "SMD", "GND", "GND", "R", 31.496, 35.433, 0, 0, 90],
		[104, "PAD12_1", 2450, -807.56, "T", "SMD", "+5V", "", "R", 31.496, 35.433, 0, 0, 90],
		[105, "PAD13_2", 2450, -177.44, "T", "SMD", "+5V", "", "R", 31.496, 35.433, 0, 0, 90],
		[106, "PAD14_1", 2450, -232.56, "T", "SMD", "GND", "GND", "R", 31.496, 35.433, 0, 0, 90],
		[107, "PAD15_1", 2910, -816.91, "T", "SMD", "DM4", "", "O", 22.047, 68.701, 0, 0, 180],
		[108, "PAD16_2", 2860, -816.91, "T", "SMD", "DP4", "", "O", 22.047, 68.701, 0, 0, 180],
		[109, "PAD17_3", 2810, -816.91, "T", "SMD", "DM3", "", "O", 22.047, 68.701, 0, 0, 180],
		[110, "PAD18_4", 2760, -816.91, "T", "SMD", "DP3", "", "O", 22.047, 68.701, 0, 0, 180],
		[111, "PAD19_5", 2710, -816.91, "T", "SMD", "DM2", "", "O", 22.047, 68.701, 0, 0, 180],
		[112, "PAD20_6", 2660, -816.91, "T", "SMD", "DP2", "", "O", 22.047, 68.701, 0, 0, 180],
		[113, "PAD21_7", 2610, -816.91, "T", "SMD", "DM1", "", "O", 22.047, 68.701, 0, 0, 180],
		[114, "PAD22_8", 2560, -816.91, "T", "SMD", "DP1", "", "O", 22.047, 68.701, 0, 0, 180],
		[115, "PAD23_16", 2910, -1043.09, "T", "SMD", "GND", "GND", "O", 22.047, 68.701, 0, 0, 180],
		[116, "PAD24_14", 2810, -1043.09, "T", "SMD", "$1N1867", "", "O", 22.047, 68.701, 0, 0, 180],
		[117, "PAD25_13", 2760, -1043.09, "T", "SMD", "$1N1858", "", "O", 22.047, 68.701, 0, 0, 180],
		[118, "PAD26_12", 2710, -1043.09, "T", "SMD", "GND", "GND", "O", 22.047, 68.701, 0, 0, 180],
		[119, "PAD27_11", 2660, -1043.09, "T", "SMD", "+5V", "", "O", 22.047, 68.701, 0, 0, 180],
		[120, "PAD28_10", 2610, -1043.09, "T", "SMD", "$1N338", "", "O", 22.047, 68.701, 0, 0, 180],
		[121, "PAD29_9", 2560, -1043.09, "T", "SMD", "$1N330", "", "O", 22.047, 68.701, 0, 0, 180],
		[122, "PAD30_6", 2491.655, -1484.37, "T", "DIP", "GND", "GND", "R", 62.992, 110.236, 31.496, 98.425, 0],
		[123, "PAD30_6", 2491.655, -1484.37, "B", "DIP", "GND", "GND", "R", 62.992, 110.236, 31.496, 98.425, 0],
		[124, "PAD31_5", 2948.345, -1484.37, "T", "DIP", "GND", "GND", "R", 62.992, 110.236, 31.496, 98.425, 0],
		[125, "PAD31_5", 2948.345, -1484.37, "B", "DIP", "GND", "GND", "R", 62.992, 110.236, 31.496, 98.425, 0],
		[126, "PAD32_1", 2857.795, -1405.63, "T", "DIP", "$1N1746", "", "R", 62.992, 62.992, 39.37, 39.37, 0],
		[127, "PAD32_1", 2857.795, -1405.63, "B", "DIP", "$1N1746", "", "R", 62.992, 62.992, 39.37, 39.37, 0],
		[128, "PAD33_2", 2759.375, -1405.63, "T", "DIP", "$1N330", "", "C", 62.992, 62.992, 39.37, 39.37, 0],
		[129, "PAD33_2", 2759.375, -1405.63, "B", "DIP", "$1N330", "", "C", 62.992, 62.992, 39.37, 39.37, 0],
		[130, "PAD34_3", 2680.635, -1405.63, "T", "DIP", "$1N338", "", "C", 62.992, 62.992, 39.37, 39.37, 0],
		[131, "PAD34_3", 2680.635, -1405.63, "B", "DIP", "$1N338", "", "C", 62.992, 62.992, 39.37, 39.37, 0],
		[132, "PAD35_4", 2582.205, -1405.63, "T", "DIP", "GND", "GND", "C", 62.992, 62.992, 39.37, 39.37, 0],
		[133, "PAD35_4", 2582.205, -1405.63, "B", "DIP", "GND", "GND", "C", 62.992, 62.992, 39.37, 39.37, 0],
		[134, "PAD36_6", 2231.655, -719.41, "T", "DIP", "GND", "GND", "C", 102.362, 102.362, 82.678, 82.678, 270],
		[135, "PAD36_6", 2231.655, -719.41, "B", "DIP", "GND", "GND", "C", 102.362, 102.362, 82.678, 82.678, 270],
		[136, "PAD37_5", 2231.655, -1270.59, "T", "DIP", "GND", "GND", "C", 102.362, 102.362, 82.678, 82.678, 270],
		[137, "PAD37_5", 2231.655, -1270.59, "B", "DIP", "GND", "GND", "C", 102.362, 102.362, 82.678, 82.678, 270],
		[138, "PAD38_4", 2338.345, -1132.79, "T", "DIP", "GND", "GND", "C", 60, 60, 36.22, 36.22, 270],
		[139, "PAD38_4", 2338.345, -1132.79, "B", "DIP", "GND", "GND", "C", 60, 60, 36.22, 36.22, 270],
		[140, "PAD39_3", 2338.345, -1034.37, "T", "DIP", "DP1", "", "C", 60, 60, 36.22, 36.22, 270],
		[141, "PAD39_3", 2338.345, -1034.37, "B", "DIP", "DP1", "", "C", 60, 60, 36.22, 36.22, 270],
		[142, "PAD40_2", 2338.345, -955.63, "T", "DIP", "DM1", "", "C", 60, 60, 36.22, 36.22, 270],
		[143, "PAD40_2", 2338.345, -955.63, "B", "DIP", "DM1", "", "C", 60, 60, 36.22, 36.22, 270],
		[144, "PAD41_1", 2338.345, -857.2, "T", "DIP", "+5V", "", "R", 60, 60, 36.22, 36.22, 270],
		[145, "PAD41_1", 2338.345, -857.2, "B", "DIP", "+5V", "", "R", 60, 60, 36.22, 36.22, 270],
		[146, "PAD42_6", 2231.655, -49.41, "T", "DIP", "GND", "GND", "C", 102.362, 102.362, 82.678, 82.678, 270],
		[147, "PAD42_6", 2231.655, -49.41, "B", "DIP", "GND", "GND", "C", 102.362, 102.362, 82.678, 82.678, 270],
		[148, "PAD43_5", 2231.655, -600.59, "T", "DIP", "GND", "GND", "C", 102.362, 102.362, 82.678, 82.678, 270],
		[149, "PAD43_5", 2231.655, -600.59, "B", "DIP", "GND", "GND", "C", 102.362, 102.362, 82.678, 82.678, 270],
		[150, "PAD44_4", 2338.345, -462.79, "T", "DIP", "GND", "GND", "C", 60, 60, 36.22, 36.22, 270],
		[151, "PAD44_4", 2338.345, -462.79, "B", "DIP", "GND", "GND", "C", 60, 60, 36.22, 36.22, 270],
		[152, "PAD45_3", 2338.345, -364.37, "T", "DIP", "DP2", "", "C", 60, 60, 36.22, 36.22, 270],
		[153, "PAD45_3", 2338.345, -364.37, "B", "DIP", "DP2", "", "C", 60, 60, 36.22, 36.22, 270],
		[154, "PAD46_2", 2338.345, -285.63, "T", "DIP", "DM2", "", "C", 60, 60, 36.22, 36.22, 270],
		[155, "PAD46_2", 2338.345, -285.63, "B", "DIP", "DM2", "", "C", 60, 60, 36.22, 36.22, 270],
		[156, "PAD47_1", 2338.345, -187.2, "T", "DIP", "+5V", "", "R", 60, 60, 36.22, 36.22, 270],
		[157, "PAD47_1", 2338.345, -187.2, "B", "DIP", "+5V", "", "R", 60, 60, 36.22, 36.22, 270],
		[158, "PAD48_6", 2231.655, 620.59, "T", "DIP", "GND", "GND", "C", 102.362, 102.362, 82.678, 82.678, 270],
		[159, "PAD48_6", 2231.655, 620.59, "B", "DIP", "GND", "GND", "C", 102.362, 102.362, 82.678, 82.678, 270],
		[160, "PAD49_5", 2231.655, 69.41, "T", "DIP", "GND", "GND", "C", 102.362, 102.362, 82.678, 82.678, 270],
		[161, "PAD49_5", 2231.655, 69.41, "B", "DIP", "GND", "GND", "C", 102.362, 102.362, 82.678, 82.678, 270],
		[162, "PAD50_4", 2338.345, 207.21, "T", "DIP", "GND", "GND", "C", 60, 60, 36.22, 36.22, 270],
		[163, "PAD50_4", 2338.345, 207.21, "B", "DIP", "GND", "GND", "C", 60, 60, 36.22, 36.22, 270],
		[164, "PAD51_3", 2338.345, 305.63, "T", "DIP", "DP3", "", "C", 60, 60, 36.22, 36.22, 270],
		[165, "PAD51_3", 2338.345, 305.63, "B", "DIP", "DP3", "", "C", 60, 60, 36.22, 36.22, 270],
		[166, "PAD52_2", 2338.345, 384.37, "T", "DIP", "DM3", "", "C", 60, 60, 36.22, 36.22, 270],
		[167, "PAD52_2", 2338.345, 384.37, "B", "DIP", "DM3", "", "C", 60, 60, 36.22, 36.22, 270],
		[168, "PAD53_1", 2338.345, 482.8, "T", "DIP", "+5V", "", "R", 60, 60, 36.22, 36.22, 270],
		[169, "PAD53_1", 2338.345, 482.8, "B", "DIP", "+5V", "", "R", 60, 60, 36.22, 36.22, 270],
		[170, "PAD54_6", 2231.655, 1285.59, "T", "DIP", "GND", "GND", "C", 102.362, 102.362, 82.678, 82.678, 270],
		[171, "PAD54_6", 2231.655, 1285.59, "B", "DIP", "GND", "GND", "C", 102.362, 102.362, 82.678, 82.678, 270],
		[172, "PAD55_5", 2231.655, 734.41, "T", "DIP", "GND", "GND", "C", 102.362, 102.362, 82.678, 82.678, 270],
		[173, "PAD55_5", 2231.655, 734.41, "B", "DIP", "GND", "GND", "C", 102.362, 102.362, 82.678, 82.678, 270],
		[174, "PAD56_4", 2338.345, 872.21, "T", "DIP", "GND", "GND", "C", 60, 60, 36.22, 36.22, 270],
		[175, "PAD56_4", 2338.345, 872.21, "B", "DIP", "GND", "GND", "C", 60, 60, 36.22, 36.22, 270],
		[176, "PAD57_3", 2338.345, 970.63, "T", "DIP", "DP4", "", "C", 60, 60, 36.22, 36.22, 270],
		[177, "PAD57_3", 2338.345, 970.63, "B", "DIP", "DP4", "", "C", 60, 60, 36.22, 36.22, 270],
		[178, "PAD58_2", 2338.345, 1049.37, "T", "DIP", "DM4", "", "C", 60, 60, 36.22, 36.22, 270],
		[179, "PAD58_2", 2338.345, 1049.37, "B", "DIP", "DM4", "", "C", 60, 60, 36.22, 36.22, 270],
		[180, "PAD59_1", 2338.345, 1147.8, "T", "DIP", "+5V", "", "R", 60, 60, 36.22, 36.22, 270],
		[181, "PAD59_1", 2338.345, 1147.8, "B", "DIP", "+5V", "", "R", 60, 60, 36.22, 36.22, 270],
		[182, "PAD60_2", 2807.1145, -1272.1145, "T", "SMD", "$1N1746", "", "R", 37.402, 45.276, 0, 0, 315],
		[183, "PAD61_1", 2712.8855, -1177.8855, "T", "SMD", "+5V", "", "R", 37.402, 45.276, 0, 0, 315]
	]
}
}